;Column;Non-Null %
0;Назва об'єкта;100.0
1;Тип об'єкта;100.0
2;doc_id;100.0
3;Вид будівництва;99.99
4;Загальна площа приміщень, м2;92.95
5;Площа забудови, м2;88.16
6;Кількість поверхів, од;86.93
7;Загальна площа будівлі, м2;86.92
8;Код ДКБС;80.96
9;Житлова площа приміщень, м2;67.92
10;Літера;63.33
11;Кількість житлових кімнат, од;59.24
12;Нежитлова площа, м2;56.78
13;Рік початку будівництва;52.97
14;Рік завершення будівництва;52.97
15;Дата завершення будівництва;30.72
16;Дата початку будівництва;30.72
17;Кількість поверхів, од (примітка);22.8
18;Гранична висота будівлі/споруди, м;19.17
19;Загальний будівельний об'єм, м3;17.57
20;Будівельний об`єм, м3;17.5
21;Тривалість будівництва, міс;17.02
22;Кількість надземних поверхів, од;16.05
23;Кількість підземних поверхів, од;16.0
24;Цокольний поверх, од;15.9
25;Корисна площа, м2;15.52
26;Висота будівлі, м;15.18
27;Площа приміщень(місць) загального користування (в тому числі допоміжних), м2;15.16
28;Річна потреба в воді, тис.м3;14.34
29;Річна потреба в електроенергії, МВт·год;13.9
30;Тривалість експлуатації (Розрахунковий строк експлуатації), р.;13.77
31;Кількість створених робочих місць, од;13.74
32;Річна потреба в тепловій енергії (Гкал), Гкал/рік;13.3
33;Річна потреба в паливі, тис.т.;12.51
34;у тому числі (примітка);10.62
35;у тому числі;10.32
36;Висота, м;9.16
37;Об`єм, м3;8.82
38;Загальна площа, м2;8.69
39;Загальна площа приміщень, м2 (примітка);8.0
40;Площа забудови, м2 (примітка);7.82
41;Будівельний об'єм вище відм. 0.00, м3;7.32
42;Примітка до періоду будівництва;7.15
43;Висота приміщень, м;7.14
44;Будівельний об'єм нижче відм. 0.00, м3;6.99
45;Поверховість, поверхів;5.32
46;Кошторисна вартість,, тис. грн;5.31
47;Загальна площа будівлі, м2 (примітка);4.89
48;Нежитлова площа, м2 (примітка);4.43
49;Площа основи (забудови), м2;4.38
50;Загальна площа, м2 (примітка);4.12
51;Житлова площа приміщень, м2 (примітка);4.11
52;Об'єм будівлі, м3;3.75
53;Корисна площа, м2 (примітка);3.12
54;Гранична висота будівлі/споруди, м (примітка);2.91
55;Коефіцієнт амортизації відрахувань, коеф.;2.89
56;Загальний будівельний об'єм, м3 (примітка);2.82
57;Площа ділянки (га),;2.78
58;Середне значення років, р.;2.7
59;Кількість надземних поверхів, од (примітка);2.66
60;Висота приміщень, м (примітка);2.61
61;Торгівельна площа, м2;2.59
62;Тривалість будівництва, міс (примітка);2.51
63;Будівельний об`єм, м3 (примітка);2.37
64;Площа приміщень(місць) загального користування (в тому числі допоміжних), м2 (примітка);2.31
65;Кількість підземних поверхів, од (примітка);2.19
66;Поверх розташування, пов;2.17
67;Загальна кількість квартир, од;2.15
68;Кількість житлових кімнат, од (примітка);2.0
69;Площа літніх приміщень, м2;1.98
70;Річна потреба в електроенергії, МВт·год (примітка);1.98
71;Цокольний поверх, од (примітка);1.95
72;Кількість створених робочих місць, од (примітка);1.86
73;Річна потреба в воді, тис.м3 (примітка);1.86
74;Загальна площа квартир у будинку, м2;1.86
75;Річна потреба в паливі, тис.т. (примітка);1.73
76;Кількість двокімнатних квартир, од;1.71
77;Річна потреба в тепловій енергії (Гкал), Гкал/рік (примітка);1.69
78;Горище (технічне горище), од;1.68
79;Кількість однокімнатних квартир, од;1.65
80;Ступінь вогнестійкості,;1.62
81;Періодична кількість осіб на об`єкті,;1.59
82;Постійна кількість осіб на об`єкті, осіб;1.54
83;Поверховість, поверхів (примітка);1.48
84;Кількість осіб зовні об`єкта, осіб;1.46
85;Поверх розташування, пов (примітка);1.44
86;Тривалість експлуатації (Розрахунковий строк експлуатації), р. (примітка);1.44
87;Висота будівлі, м (примітка);1.43
88;Загальна площа двокімнатних квартир, м2;1.3
89;Загальна площа однокімнатних квартир, м2;1.27
90;Житлова площа двокімнатних квартир, м2;1.27
91;Кількість трикімнатних квартир, од;1.27
92;Площа допоміжна нежитлова, м2;1.23
93;Будівельний об'єм вище відм. 0.00, м3 (примітка);1.2
94;Площа вбудованих нежитлових приміщень (вбудованих, вбудовано-прибудованих, прибудованих), м2;1.2
95;Житлова площа однокімнатних квартир, м2;1.2
96;Будівельний об'єм нижче відм. 0.00, м3 (примітка);1.07
97;Кошторисна вартість,, тис. грн (примітка);1.07
98;Житлова площа трикімнатних квартир, м2;1.03
99;Загальна площа трикімнатних квартир, м2;1.02
100;Загальна житлова площа квартир, м2;1.02
101;Розрахункова площа, м2;0.92
102;Річна витрата електроенергії, тис. кВт-год/рік;0.88
103;Площа, м2;0.83
104;Кількість чотирикімнатних квартир, од;0.76
105;Торгівельна площа, м2 (примітка);0.74
106;Ступінь вогнестійкості, (примітка);0.71
107;Висота поверху, м;0.71
108;Вид будівництва, (примітка);0.71
109;Загальна кількість працюючих, осіб;0.7
110;Житлова площа чотирикімнатних квартир, м2;0.7
111;Кількість п’ятикімнатних квартир, од;0.7
112;Площа, м2 (примітка);0.69
113;Висота, м (примітка);0.69
114;Загальна площа чотирикімнатних квартир, м2;0.68
115;Житлова площа п’ятикімнатних квартир, м2;0.65
116;Кількість приміщень, од;0.63
117;Кількість шестикімнатнатних квартир, од;0.6
118;Площа основи (забудови), м2 (примітка);0.59
119;Кількість восьмикімнатних і більше квартир, од;0.57
120;Ступінь вогнестійкості будинку,;0.57
121;Житлова площа шестикімнатнатних квартир, м2;0.57
122;Загальна кількість приміщень,;0.57
123;Кількість семикімнатних квартир, од;0.57
124;Житлова площа восьмикімнатних і більше квартир, м2;0.56
125;Житлова площа семикімнатних квартир, м2;0.56
126;Загальна площа п’ятикімнатних квартир, м2;0.56
127;Потужність об'єкта,;0.54
128;Площа озеленення, м2;0.54
129;Трудомісткість будівництва, люд.-днів, од;0.51
130;Кількість, шт (примітка);0.5
131;Термін експлуатації, р.;0.49
132;Потужність об'єкта, (примітка);0.49
133;Загальна площа шестикімнатнатних квартир, м2;0.48
134;Загальна площа восьмикімнатних і більше квартир, м2;0.47
135;Загальна площа семикімнатних квартир, м2;0.47
136;Кількість робочих місць, у т.ч. новостворених, шт;0.47
137;Опалювана площа, м2;0.46
138;Кількість, шт;0.46
139;Потужність,;0.46
140;Об`єм, м3 (примітка);0.46
141;Потужність, (примітка);0.45
142;Місткість, од;0.45
143;Опалювальний будівельний об'єм, м3;0.43
144;Площа літніх приміщень, м2 (примітка);0.43
145;Ширина проїзної частини, м;0.42
146;Пропускна спроможність, осіб/добу;0.42
147;Площа під основною будівлею, м2;0.4
148;Площа допоміжна нежитлова, м2 (примітка);0.4
149;Площа приміщень, що підлягають капітальному ремонту, м2;0.4
150;Площа під господарськими та допоміжними будівлями, м2;0.39
151;Загальна кількість квартир, од (примітка);0.38
152;Площа житлового будинку, м2;0.38
153;Умовна висота, м;0.36
154;Площа вбудованих нежитлових приміщень (вбудованих, вбудовано-прибудованих, прибудованих), м2 (примітка);0.33
155;Ширина проїжджої частини, м;0.31
156;Ширина земляного полотна, м;0.31
157;Загальна кількість машиномісць, од;0.3
158;Площа інших нежитлових приміщень, м2;0.3
159;Горище (технічне горище), од (примітка);0.29
160;Ширина узбіччя, м;0.29
161;Площа приміщень(місць) загального користування, м2;0.28
162;Загальна площа квартир у будинку, м2 (примітка);0.28
163;Місткість, од (примітка);0.28
164;Висота поверху, м (примітка);0.28
165;Площа місць загального користування, м2;0.27
166;Площа вбудованих, вбудовано-прибудованих та прибудованих приміщень, м2;0.27
167;Вартість основних фондів об’єкту будівництва, тис. грн;0.27
168;Витрати на охорону навколишнього природного середовища, відновлювальні та компенсаційні заходи, тис. грн;0.26
169;Середне значення років, р. (примітка);0.26
170;Загальна житлова площа квартир, м2 (примітка);0.25
171;Кількість двокімнатних квартир, од (примітка);0.25
172;Кількість однокімнатних квартир, од (примітка);0.25
173;Загальна площа нежитлових будівель об’єкта, м2;0.24
174;Загальна площа покриття, в тому числі, м2;0.24
175;Швидкість, км/год;0.24
176;Довжина ділянки, м;0.23
177;Довжина, м;0.23
178;Ступінь вогнестійкості об’єкту будівництва,;0.23
179;Розрахункова площа, м2 (примітка);0.23
180;Швидкість, км/год (примітка);0.23
181;Площа мощення, м2;0.22
182;Житлова площа двокімнатних квартир, м2 (примітка);0.22
183;Загальна площа однокімнатних квартир, м2 (примітка);0.22
184;Загальна площа двокімнатних квартир, м2 (примітка);0.22
185;Житлова площа однокімнатних квартир, м2 (примітка);0.22
186;Площа покриття проїзної частини, м2;0.22
187;Періодична кількість осіб на об`єкті, (примітка);0.21
188;Площа допоміжних приміщень загального користування, м2;0.21
189;Коефіцієнт амортизації відрахувань, коеф. (примітка);0.21
190;Термін першого планового обстеження технічного стану будівлі, міс;0.2
191;Вартість, тис. грн;0.2
192;Площа під спорудами, м2;0.2
193;Площа ділянки (га), (примітка);0.2
194;Об'єм будівлі, м3 (примітка);0.2
195;Площа забудови , га;0.2
196;Площа покриття даху, м2;0.2
197;Площа асфальтобетонного покриття проїздної частини, м2;0.2
198;Довжина ділянки дороги, що ремонтується, м;0.2
199;Площа інших нежитлових приміщень, м2 (примітка);0.19
200;Витрати на будівельні роботи, тис. грн;0.19
201;Кількість трикімнатних квартир, од (примітка);0.18
202;Коефіцієнт, що враховує відносну долю вартості об’єкта повністю втраченого під час аварії, коеф.;0.18
203;Найбільший поздовжній похил, град;0.17
204;Річна витрата електроенергії, тис. кВт-год/рік (примітка);0.17
205;Ступінь вогнестійкості будинку, (примітка);0.17
206;Бортові камені, пог.м;0.17
207;Житлова площа трикімнатних квартир, м2 (примітка);0.17
208;Кількість квартир, шт;0.17
209;Загальна площа трикімнатних квартир, м2 (примітка);0.16
210;Мінімальний розмір заробітної плати, тис. грн;0.16
211;Загальна кількість працюючих, осіб (примітка);0.16
212;Загальна площа під зеленими насадженнями (озеленення), м2;0.16
213;Житлова площа чотирикімнатних квартир, м2 (примітка);0.16
214;Трудомісткість будівництва, люд.-днів, од (примітка);0.16
215;Постійна кількість осіб на об`єкті, осіб (примітка);0.16
216;Висота будівлі (абсолютна позначка), м;0.16
217;Кількість чотирикімнатних квартир, од (примітка);0.15
218;Площа покриття з асфальтобетону, м2;0.15
219;Площа під господарськими та допоміжними будівлями, м2 (примітка);0.15
220;Кількість осіб зовні об`єкта, осіб (примітка);0.14
221;Довжина проектованої ділянки, м;0.14
222;Потужність об'єкта у натуральних показниках, од;0.14
223;Площа квартир у будинку, м2;0.14
224;Мінімальний радіус, м;0.14
225;Загальна площа чотирикімнатних квартир, м2 (примітка);0.14
226;Будівельна довжина, м;0.13
227;Кількість п’ятикімнатних квартир, од (примітка);0.13
228;Житлова площа п’ятикімнатних квартир, м2 (примітка);0.13
229;Опалювана площа, м2 (примітка);0.13
230;Загальна площа афальтобетонного покриття, м2;0.12
231;Загальна площа покриття, в тому числі, м2 (примітка);0.12
232;Площа під основною будівлею, м2 (примітка);0.12
233;Кількість восьмикімнатних і більше квартир, од (примітка);0.12
234;Загальна площа восьмикімнатних і більше квартир, м2 (примітка);0.12
235;Потужність об'єкта у натуральних показниках, од (примітка);0.12
236;Загальна площа п’ятикімнатних квартир, м2 (примітка);0.12
237;Мінімальний радіус, м (примітка);0.11
238;Площа вимощення, м2;0.11
239;Річна потреба в холодному водопостачанні, тис.м3;0.11
240;Довжина, м (примітка);0.11
241;Вартість основних фондів об'єкта будівництва, тис. грн;0.11
242;Протяжність вулиці (дороги), м;0.11
243;Кількість робочих місць, у т.ч. новостворених, шт (примітка);0.11
244;Загальна площа шестикімнатнатних квартир, м2 (примітка);0.11
245;Загальна площа семикімнатних квартир, м2 (примітка);0.11
246;Житлова площа восьмикімнатних і більше квартир, м2 (примітка);0.11
247;Кількість семикімнатних квартир, од (примітка);0.11
248;Житлова площа шестикімнатнатних квартир, м2 (примітка);0.11
249;Опалювальний будівельний об'єм, м3 (примітка);0.11
250;Кількість шестикімнатнатних квартир, од (примітка);0.11
251;Річне споживання теплової енергії, Гкал/рік;0.11
252;Житлова площа семикімнатних квартир, м2 (примітка);0.11
253;Загальна площа підземного паркінгу, м2;0.11
254;Площа ділянки в межах проектування(проєкту), га;0.11
255;Ширина, м;0.1
256;Загальна площа вбудовано-прибудованих приміщень, м2;0.1
257;Річна потреба водовідведення стічних вод, м3;0.1
258;Кількість смуг руху, шт;0.1
259;Категорія, (примітка);0.1
260;Середня швидкість руху автомобільного транспорту, км/год;0.1
261;Площа утеплення фасадів, м2;0.09
262;Ступінь вогнестійкості об’єкту будівництва, (примітка);0.09
263;Ширина смуги руху, м;0.09
264;Річна потреба в газопостачанні, МВт·год;0.09
265;Ширина, м (примітка);0.09
266;Дорожні знаки, шт;0.09
267;Термін експлуатації, р. (примітка);0.09
268;Продуктивність, (примітка);0.09
269;Площа ділянки в межах проектування(проєкту), м2;0.09
270;Продуктивність,;0.09
271;Пропускна здатність,;0.09
272;Площа тротуарів, м2;0.09
273;Світлофори, од;0.09
274;Поздовжній ухил проїзної частини, ‰,;0.09
275;Ширина проїзної частини, м (примітка);0.08
276;Кількість приміщень, од (примітка);0.08
277;Кількість квартир, шт (примітка);0.08
278;Термін першого планового обстеження технічного стану будівлі, міс (примітка);0.08
279;Встановлена потужність струмоприймачів, кВт;0.08
280;Загальна кількість приміщень, (примітка);0.08
281;Загальна протяжність, м;0.08
282;Рекомендована періодичність планових обстежень, міс;0.08
283;Напруга, кВ;0.08
284;Пропускна здатність, (примітка);0.08
285;Річна потреба, (примітка);0.07
286;Площа з плитковим покриттям, м2;0.07
287;Граничне розрахункове значення навантажень для  конструкцій перекриттів, кг/м2;0.07
288;Вартість, тис. грн (примітка);0.07
289;Поперечний ухил проїзної частини, ‰,;0.07
290;Балансова вартість, тис. грн;0.07
291;Площа озеленення, м2 (примітка);0.07
292;Загальна довжина, м;0.07
293;Світлофори, од (примітка);0.07
294;Витрати на машини, обладнання та інвентар, тис. грн;0.07
295;Матеріал стін, (примітка);0.07
296;Площа фасадів, м2;0.07
297;Загальна площа нежитлових будівель об’єкта, м2 (примітка);0.07
298;Площа тротуару, м2;0.07
299;Ширина проїжджої частини, м (примітка);0.07
300;Річна потреба,;0.07
301;Ширина узбіччя, м (примітка);0.07
302;Пропускна спроможність, осіб/добу (примітка);0.07
303;Категорія вулиці, (примітка);0.06
304;Вид будівництва,;0.06
305;Поздовжній ухил проїзної частини, ‰, (примітка);0.06
306;Довжина, пог.м;0.06
307;Площа покриття даху, м2 (примітка);0.06
308;Ширина тротуару праворуч за ходом кілометражу, м;0.06
309;Протяжність об'єкта, м;0.06
310;Довжина огородження, м;0.06
311;Будівельна довжина, м (примітка);0.06
312;Граничне експлуатаційне значення навантажень для  конструкцій перекриттів, кг/м2;0.06
313;Площа даху, м2;0.06
314;Категорія,;0.06
315;Річна витрата палива умовного, тис.т.;0.06
316;Площа покриття проїзної частини, м2 (примітка);0.06
317;Умовний термін експлуатації, р.;0.06
318;Річна потреба в побутовій каналізації, тис.м3;0.06
319;Граничне розрахункове значення навантажень для  конструкцій покриття, кг/м2;0.05
320;Площа будинку, м2;0.05
321;Річна потреба в тепловій енергії, МВт·год;0.05
322;Площа допоміжних приміщень загального користування, м2 (примітка);0.05
323;Умовна висота, м (примітка);0.05
324;Кількість номерів Апартамент, шт;0.05
325;Площа покриття з асфальтобетону, м2 (примітка);0.05
326;Площа житлового будинку, м2 (примітка);0.05
327;Загальний показник питомого енергоспоживання при опаленні та  охолодженні (ЕPuse), кВт × год/м2 [кВт × год/м3],;0.05
328;Площа під спорудами, м2 (примітка);0.05
329;Радіус, м (примітка);0.05
330;Площа приміщень(місць) загального користування, м2 (примітка);0.05
331;Висота огородження, м;0.05
332;Пропускна спроможність, авто/добу;0.05
333;Термін, міс (примітка);0.05
334;Довжина, пог.м (примітка);0.05
335;Бортові камені, пог.м (примітка);0.05
336;Кількість перехресть, од;0.05
337;Термін, міс;0.05
338;Площа вбудованих, вбудовано-прибудованих та прибудованих приміщень, м2 (примітка);0.05
339;Загальна площа вбудовано-прибудованих приміщень, м2 (примітка);0.05
340;Граничне експлуатаційне значення навантажень для  конструкцій покриття, кг/м2;0.04
341;Відсоток готовності об'єкта,;0.04
342;Загальна кількість машиномісць, од (примітка);0.04
343;Потужність струмоприймачів, кВт/МВт;0.04
344;Рекомендована періодичність планових обстежень, міс (примітка);0.04
345;Ширина тротуару ліворуч за ходом кілометражу, м;0.04
346;Площа проїзної частини, м2;0.04
347;Площа утеплення перекриття, м2;0.04
348;Щільність,;0.04
349;Площа мощення, м2 (примітка);0.04
350;Встановлена потужність котельні, МВт·год;0.04
351;Площа щебеневого, гравійного покриття, м2;0.04
352;Найбільший поздовжній похил, град (примітка);0.04
353;Радіус, м;0.04
354;Довжина ділянки, м (примітка);0.04
355;Кількість машиномісць для постійного зберігання автомобілів, од;0.04
356;Площа квартир у будинку, м2 (примітка);0.04
357;Витрати на охорону навколишнього природного середовища, відновлювальні та компенсаційні заходи, тис. грн (примітка);0.04
358;Річна потреба в газопостачанні, МВт·год (примітка);0.04
359;Дорожня розмітка, м2;0.04
360;Площа забудови , га (примітка);0.04
361;Ширина земляного полотна, м (примітка);0.03
362;Середня швидкість руху автомобільного транспорту, км/год (примітка);0.03
363;Найменший поздовжній похил, град;0.03
364;Вартість основних фондів об’єкту будівництва, тис. грн (примітка);0.03
365;Коефіцієнт, що враховує відносну долю вартості об’єкта повністю втраченого під час аварії, коеф. (примітка);0.03
366;Кількість машиномісць на відведених майданчиках для паркування (в межах проїзної частини вулиці, дороги), од;0.03
367;Річна потреба в сировині та матеріалах, т;0.03
368;Площа вимощення, м2 (примітка);0.03
369;Висота будівлі (абсолютна позначка), м (примітка);0.03
370;Загальна кількість машино-місць на тимчасових стоянках, шт;0.03
371;Питомий показник викидів парникових газів (MCO₂), кг/м2;0.03
372;Питомий показник споживання первинної  енергії (ep), кВт×год/м²;0.03
373;Загальна площа під зеленими насадженнями (озеленення), м2 (примітка);0.03
374;Кількість номерів Апартамент, шт (примітка);0.03
375;Граничне розрахункове значення навантажень для конструкцій перекриттів,;0.03
376;Граничне експлуатаційне значення навантажень для конструкцій перекриттів,;0.03
377;Потужність об'єкта у вартісних показниках, тис. грн;0.03
378;Теплова потужність, Гкал/год;0.03
379;Радіуси горизонтальних кривих, м;0.03
380;Розмітка проїзної частини, м;0.03
381;Питомий показник викидів парникових газів, кг/м2;0.03
382;Питомий показник споживання первинної енергії (ep)-, кВт×год/м²;0.03
383;Щільність, (примітка);0.03
384;Площа місць загального користування, м2 (примітка);0.03
385;Довжина ділянки дороги, що ремонтується, м (примітка);0.03
386;Площа приміщень, що підлягають капітальному ремонту, м2 (примітка);0.03
387;Площа фасадів, м2 (примітка);0.03
388;Витрати на будівельні роботи, тис. грн (примітка);0.03
389;Будівельна довжина вкладання колій, км;0.03
390;Загальна довжина, м (примітка);0.03
391;Встановлена потужність струмоприймачів, кВт (примітка);0.03
392;Кількість машиномісць на спеціально обладнаних майданчиках для паркування, од;0.03
393;Площа тротуарів, м2 (примітка);0.03
394;Дорожні знаки, од;0.03
395;Площа з плитковим покриттям, м2 (примітка);0.03
396;Довжина проектованої ділянки, м (примітка);0.03
397;Довжина огородження, м (примітка);0.03
398;Площа ділянки в межах проектування(проєкту), га (примітка);0.03
399;Річне споживання теплової енергії, Гкал/рік (примітка);0.03
400;Напруга, кВ (примітка);0.03
401;Висота огородження, м (примітка);0.02
402;Габарит по ширині, м;0.02
403;Ширина тротуару ліворуч за ходом кілометражу, м (примітка);0.02
404;Площа підвалу, м2;0.02
405;Пішохідні переходи, од;0.02
406;Споживання,;0.02
407;Споживання, (примітка);0.02
408;Місцеві каналізаційні системи на ділянці, пог.м;0.02
409;Місцеві трубопровідні системи для води та інших продуктів на ділянці, пог.м;0.02
410;Площа під газонами, м2;0.02
411;Ширина тротуару праворуч за ходом кілометражу, м (примітка);0.02
412;Пропускна спроможність, авто/добу (примітка);0.02
413;Загальна протяжність, м (примітка);0.02
414;Загальна площа об'єкта зеленого господарства, м2;0.02
415;Загальний показник питомого енергоспоживання при опалені, кВт×год/м² [кВт×год/м³];0.02
416;Термін, р. (примітка);0.02
417;Термін, р.;0.02
418;Граничне експлуатаційне значення навантажень для  конструкцій перекриттів, кг/м2 (примітка);0.02
419;Кількість машино-місць для мало мобільних груп населення, шт;0.02
420;Довжина мереж дощової каналізації, м;0.02
421;Чисельність персоналу, осіб/МВт;0.02
422;Площа утеплення перекриття, м2 (примітка);0.02
423;Річна потреба в холодному водопостачанні, тис.м3 (примітка);0.02
424;Радіуси горизонтальних кривих, м (примітка);0.02
425;Граничне експлуатаційне значення навантажень для конструкцій перекриттів, (примітка);0.02
426;Кількість номерів для осіб з інвалідністю, шт;0.02
427;Кількість колодязів, од;0.02
428;Висота цокольного поверху, м;0.02
429;Площа тротуару, м2 (примітка);0.02
430;Ширина смуги руху, м (примітка);0.02
431;Площа даху, м2 (примітка);0.02
432;Площа асфальтобетонного покриття проїздної частини, м2 (примітка);0.02
433;Граничне розрахункове значення навантажень для  конструкцій покриття, кг/м2 (примітка);0.02
434;Річна витрата палива натурального, тис.т.;0.02
435;Мінімальний розмір заробітної плати, тис. грн (примітка);0.02
436;Функціональне призначення, (примітка);0.02
437;Річна потреба в тепловій енергії, МВт·год (примітка);0.02
438;Площа проїзної частини, м2 (примітка);0.02
439;Вага, кг;0.01
440;Площа сходів та сходових кліток, м2;0.01
441;Габарит по ширині, м (примітка);0.01
442;Ширина проїзної частини перед спорудою, м;0.01
443;Напрямні стовпчики, шт;0.01
444;Проектне навантаження, т (примітка);0.01
445;Річна потреба в сировині та матеріалах, од (примітка);0.01
446;Кількість машиномісць для осіб з інвалідністю, од;0.01
447;Річна потреба нафтопродуктів, тис.т;0.01
448;Пропускна спроможність, т перероб/доб (примітка);0.01
449;Питома витрата умовного палива на 1ГДж відпущеної теплової енергії, т.у.п./ГДж;0.01
450;Пропускна спроможність, т перероб/доб;0.01
451;Вага, кг (примітка);0.01
452;Термін експлуатації, міс;0.01
453;Напрямні стовпчики, шт (примітка);0.01
454;Річна потреба в сировині та матеріалах, од;0.01
455;Проектне навантаження, т;0.01
456;Габарит по висоті, м;0.01
457;Граничне розрахункове значення навантажень для  конструкцій перекриттів, кг/м2 (примітка);0.01
458;Кількість машиномісць на спеціально обладнаних майданчиках для паркування, од (примітка);0.01
459;Кількість машиномісць для тимчасового зберігання, од;0.01
460;Річна потреба водовідведення стічних вод, м3 (примітка);0.01
461;Загальний показник питомого енергоспоживання при опалені, кВт×год/м² [кВт×год/м³] (примітка);0.01
462;Кількість ванних кімнат, од (примітка);0.01
463;Кількість машиномісць на відведених майданчиках для паркування (в межах проїзної частини вулиці, дороги), од (примітка);0.01
464;Річна потреба в побутовій каналізації, тис.м3 (примітка);0.01
465;Чисельність персоналу, осіб/МВт (примітка);0.01
466;Площа будинку, м2 (примітка);0.01
467;Загальна площа підземного паркінгу, м2 (примітка);0.01
468;Площа під водними об'єктами, м2;0.01
469;Місцеві електро- та телекомунікаційні системи на ділянці, пог.м;0.01
470;Магістральні лінії електропередачі на ділянці, пог.м;0.01
471;Магістральні нафтопроводи та газопроводи на ділянці, пог.м;0.01
472;Встановлена потужність котельні, МВт·год (примітка);0.01
473;Пішохідні переходи, од (примітка);0.01
474;Загальний об'єм трансформаторної підстанції, м3;0.01
475;Граничне експлуатаційне значення навантажень для  конструкцій покриття, кг/м2 (примітка);0.01
476;Кількість машино-місць для мало мобільних груп населення, шт (примітка);0.01
477;Матеріал стін,;0.01
478;Кількість ванних кімнат, од;0.01
479;Код типу об’єкта-аналога,;0.01
480;Код типу об’єкта-аналога, (примітка);0.01
481;Місцеві електро- та телекомунікаційні системи на ділянці, пог.м (примітка);0.01
482;Потужність струмоприймачів, кВт/МВт (примітка);0.01
483;Загальна ємність, м3;0.01
484;Місцеві трубопровідні системи для води та інших продуктів на ділянці, пог.м (примітка);0.01
485;Місцеві каналізаційні системи на ділянці, пог.м (примітка);0.01
486;Протяжність вулиці (дороги), м (примітка);0.01
487;Кількість номерів Стандарт, номер І категорії, шт;0.01
488;Дорожня розмітка, м2 (примітка);0.01
489;Категорія вулиці,;0.01
490;Граничне розрахункове значення навантажень для конструкцій перекриттів, (примітка);0.01
491;Освітленість проїзної частини, середня,;0.01
492;Діаметр, м (примітка);0.01
493;Площа підвалу, м2 (примітка);0.01
494;Площа під газонами, м2 (примітка);0.01
495;Кількість номерів II категорії, шт;0.01
496;Кількість номерів для осіб з інвалідністю, шт (примітка);0.01
497;Кількість номерів II категорії, шт (примітка);0.01
498;Магістральні водопроводи на ділянці, пог.м;0.01
499;Витрати на машини, обладнання та інвентар, тис. грн (примітка);0.01
500;Річна витрата палива натурального, тис.т. (примітка);0.01
501;Вартість основних фондів об'єкта будівництва, тис. грн (примітка);0.01
502;Поперечний ухил проїзної частини, ‰, (примітка);0.01
503;Річна потреба водовідведення виробничих стічних вод, м3 (примітка);0.01
504;Потужність об'єкта у вартісних показниках, тис. грн (примітка);0.01
505;Обсяг, (примітка);0.01
506;Загальна площа трансформаторної підстанції, м2;0.01
507;Будівельна довжина вкладання колій, км (примітка);0.01
508;Кількість смуг руху, шт (примітка);0.01
509;Пішохідне огородження, м;0.01
510;Освітленість проїзної частини, середня, (примітка);0.01
511;Висота цокольного поверху, м (примітка);0.01
512;Кількість переїздів, од;0.01
513;Коефіцієнт, коеф.;0.01
514;Річна потреба водовідведення виробничих стічних вод, м3;0.01
515;Балансова вартість, тис. грн (примітка);0.01
516;Діаметр, м;0.01
517;Площа утеплення фасадів, м2 (примітка);0.01
518;Площа щебеневого, гравійного покриття, м2 (примітка);0.01
519;Питомий показник споживання первинної  енергії (ep), кВт×год/м² (примітка);0.01
520;Питомий показник викидів парникових газів (MCO₂), кг/м2 (примітка);0.01
521;Коефіцієнт, коеф. (примітка);0.01
522;Загальна площа афальтобетонного покриття, м2 (примітка);0.01
523;Площа ділянки в межах проектування(проєкту), м2 (примітка);0.01
524;Ємність, м3;0.01
525;Ємність, м3 (примітка);0.01
526;Річна потреба в сировині та матеріалах, т (примітка);0.01
527;Загальна кількість машино-місць на тимчасових стоянках, шт (примітка);0.01
528;Кількість колодязів, од (примітка);0.01
529;Дорожні знаки, шт (примітка);0.01
530;Обсяг,;0.01
531;Річна витрата палива умовного, тис.т. (примітка);0.01
532;Теплова потужність, Гкал/год (примітка);0.01
533;Річна потреба в тепловій енергії, млн.Гкал;0.01
534;Глибина, м;0.01
535;Площа покриття з залізобетонних плит, м2;0.01
536;Площа покриття з залізобетонних плит, м2 (примітка);0.01
537;Кут, град;0.01
538;Кут, град (примітка);0.01
539;Річний випуск основної номенклатури продукції, умов.од;0.01
540;Магістральні водопроводи на ділянці, пог.м (примітка);0.01
541;Найменший поздовжній похил, град (примітка);0.01
542;Річна кількість годин використання встановленої потужності, год;0.01
543;Приєднані викиди вуглецю пов’язані із спорудженням об’єкта, т СO2,;0.01
544;Приєднані витрати енергії, пов’язані із спорудженням об’єкта, МВт·год;0.01
545;Частка матеріалів в об’єкті, які можуть бути використані повторно, %,;0.01
546;Річне вироблення теплової енергії, ГДж;0.01
547;Річне вироблення теплової енергії, ГДж (примітка);0.01
548;Розрахункова продуктивність котельні, МВт·год;0.01
549;Вантажопідйомність, т;0.01
550;Частота, Гц;0.0
551;Частота, Гц (примітка);0.0
552;Площа водного об'єкту, м2;0.0
553;Площа водного об'єкту, м2 (примітка);0.0
554;Вантажопідйомність, т (примітка);0.0
555;Площа тимчасових стоянок, м2;0.0
556;Площа тимчасових стоянок, м2 (примітка);0.0
557;Висота технічного поверху, м;0.0
558;Висота технічного поверху, м (примітка);0.0
559;Розрахункова продуктивність котельні, МВт·год (примітка);0.0
560;Сила струму, А;0.0
561;Сила струму, А (примітка);0.0
562;Корисна довжина  навантажувально-розвантажувальних колій , км;0.0
563;Корисна довжина  навантажувально-розвантажувальних колій , км (примітка);0.0
564;Річна кількість годин використання встановленої потужності, год (примітка);0.0
565;Приєднані викиди вуглецю пов’язані із спорудженням об’єкта, т СO2, (примітка);0.0
566;Приєднані витрати енергії, пов’язані із спорудженням об’єкта, МВт·год (примітка);0.0
567;Частка матеріалів в об’єкті, які можуть бути використані повторно, %, (примітка);0.0
568;Відсоток готовності конструктивних елементів: оздоблення зовнішнє,;0.0
569;Відсоток готовності конструктивних елементів: оздоблення зовнішнє, (примітка);0.0
570;Відсоток готовності конструктивних елементів: інженерне обладнання,;0.0
571;Магістральні лінії електропередачі на ділянці, пог.м (примітка);0.0
572;Площа з грунтовим покриттям, м2 (примітка);0.0
573;Площа під газонами звичайними, м2 (примітка);0.0
574;Площа під газонами луговими, м2 (примітка);0.0
575;Площа під газонами патерними, м2 (примітка);0.0
576;Площа під деревами, м2 (примітка);0.0
577;Площа під живоплотами, м2 (примітка);0.0
578;Площа під квітниками багаторічними, м2 (примітка);0.0
579;Площа під квітниками дворічними, м2 (примітка);0.0
580;Площа під квітниками однорічними, м2 (примітка);0.0
581;Площа під кущами, м2 (примітка);0.0
582;Площа під іншими угіддями, м2 (примітка);0.0
583;Річне виробництво, кВт·год;0.0
584;Відсоток готовності конструктивних елементів: інженерне обладнання, (примітка);0.0
585;Річний випуск основної номенклатури продукції, умов.од (примітка);0.0
586;Глибина, м (примітка);0.0
587;Капітальні витрати, тис.грн/МВт;0.0
588;Капітальні витрати, тис.грн/МВт (примітка);0.0
589;Пропускна спроможність, т комбік/доб;0.0
590;Пропускна спроможність, т комбік/доб (примітка);0.0
591;Кількість сходових кліток, од;0.0
592;Кількість сходових кліток, од (примітка);0.0
593;Відсоток готовності конструктивних елементів: покрівля,;0.0
594;Відсоток готовності конструктивних елементів: покрівля, (примітка);0.0
595;Кількість номерів III категорії, шт;0.0
596;Кількість номерів III категорії, шт (примітка);0.0
597;Річне виробництво, кВт·год (примітка);0.0
598;Розмітка проїзної частини, м (примітка);0.0
599;Середня ширина вулиці в червоних лініях, м (примітка);0.0
600;Сходи, пог.м (примітка);0.0
601;Транспортне огородження, м (примітка);0.0
602;Річна потреба в тепловій енергії, млн.Гкал (примітка);0.0
603;Питомий показник викидів парникових газів, кг/м2 (примітка);0.0
604;Питомий показник споживання первинної енергії (ep)-, кВт×год/м² (примітка);0.0
605;Кількість машиномісць для постійного зберігання автомобілів, од (примітка);0.0
606;Загальний показник питомого енергоспоживання при опаленні та  охолодженні (ЕPuse), кВт × год/м2 [кВт × год/м3], (примітка);0.0
607;Загальний об'єм підземного паркінгу, м3;0.0
608;Загальний об'єм підземного паркінгу, м3 (примітка);0.0
609;Віражі та їх ухили, од;0.0
610;Замощені підзори, пог.м;0.0
611;Максимальна ширина вулиці в червоних лініях, м;0.0
612;Мінімальна ширина вулиці в червоних лініях, м;0.0
613;Направляючі островки, од;0.0
614;Островки безпеки, од;0.0
615;Загальна площа трансформаторної підстанції, м2 (примітка);0.0
616;Підпорні стінки, пог.м;0.0
617;Середня ширина вулиці в червоних лініях, м;0.0
618;Сходи, пог.м;0.0
619;Транспортне огородження, м;0.0
620;Віражі та їх ухили, од (примітка);0.0
621;Замощені підзори, пог.м (примітка);0.0
622;Кількість переїздів, од (примітка);0.0
623;Максимальна ширина вулиці в червоних лініях, м (примітка);0.0
624;Мінімальна ширина вулиці в червоних лініях, м (примітка);0.0
625;Направляючі островки, од (примітка);0.0
626;Островки безпеки, од (примітка);0.0
627;Підпорні стінки, пог.м (примітка);0.0
628;Пішохідне огородження, м (примітка);0.0
629;Річна потреба в дощовій каналізаціїї, тис.м3;0.0
630;Річна потреба в дощовій каналізаціїї, тис.м3 (примітка);0.0
631;Функціональне призначення,;0.0
632;Кількість номерів Стандарт, номер І категорії, шт (примітка);0.0
633;Тиск, МПа;0.0
634;Тиск, МПа (примітка);0.0
635;Дорожні знаки, од (примітка);0.0
636;Умовний термін експлуатації, р. (примітка);0.0
637;Кількість перехресть, од (примітка);0.0
638;Магістральні телекомунікаційні лінії, пог.м;0.0
639;Місцеві газорозподільні системи, на ділянці, пог.м;0.0
640;Відсоток готовності об'єкта, (примітка);0.0
641;Питома вага конструктивних елементів - дверей,;0.0
642;Питома вага конструктивних елементів - дверей, (примітка);0.0
643;Площа під квітниками, м2;0.0
644;Площа під квітниками, м2 (примітка);0.0
645;Загальний об'єм трансформаторної підстанції, м3 (примітка);0.0
646;Кількість машиномісць для тимчасового зберігання, од (примітка);0.0
647;Загальна площа об'єкта зеленого господарства, м2 (примітка);0.0
648;Загальна ємність, м3 (примітка);0.0
649;Магістральні нафтопроводи та газопроводи на ділянці, пог.м (примітка);0.0
650;Магістральні телекомунікаційні лінії, пог.м (примітка);0.0
651;Місцеві газорозподільні системи, на ділянці, пог.м (примітка);0.0
652;Площа під водними об'єктами, м2 (примітка);0.0
653;Висота насипу за спорудою, м;0.0
654;Висота насипу перед спорудою, м;0.0
655;Отвір моста, м;0.0
656;Підмостовий габарит по висоті, м;0.0
657;Підмостовий габарит по ширині, м;0.0
658;Ширина проїзної частини за спорудою, м;0.0
659;Висота насипу за спорудою, м (примітка);0.0
660;Висота насипу перед спорудою, м (примітка);0.0
661;Габарит по висоті, м (примітка);0.0
662;Отвір моста, м (примітка);0.0
663;Протяжність об'єкта, м (примітка);0.0
664;Підмостовий габарит по висоті, м (примітка);0.0
665;Підмостовий габарит по ширині, м (примітка);0.0
666;Ширина проїзної частини за спорудою, м (примітка);0.0
667;Ширина проїзної частини перед спорудою, м (примітка);0.0
668;Довжина мереж дощової каналізації, м (примітка);0.0
669;Питома витрата умовного палива на 1ГДж відпущеної теплової енергії, т.у.п./ГДж (примітка);0.0
670;Стрілочний перевід, в тому числі, компл.;0.0
671;Стрілочний перевід, в тому числі, компл. (примітка);0.0
672;Річна потреба в гарячому водопостачанні, тис.м3;0.0
673;Річна потреба в гарячому водопостачанні, тис.м3 (примітка);0.0
674;Річний випуск основної номенклатури продукції, т;0.0
675;Річний випуск основної номенклатури продукції, т (примітка);0.0
676;Річна потреба нафтопродуктів, тис.т (примітка);0.0
677;Кількість машиномісць для осіб з інвалідністю, од (примітка);0.0
678;Термін експлуатації, міс (примітка);0.0
679;Площа з грунтовим покриттям, м2;0.0
680;Площа під газонами звичайними, м2;0.0
681;Площа під газонами луговими, м2;0.0
682;Площа під газонами патерними, м2;0.0
683;Площа під деревами, м2;0.0
684;Площа під живоплотами, м2;0.0
685;Площа під квітниками багаторічними, м2;0.0
686;Площа під квітниками дворічними, м2;0.0
687;Площа під квітниками однорічними, м2;0.0
688;Площа під кущами, м2;0.0
689;Площа під іншими угіддями, м2;0.0
690;Площа сходів та сходових кліток, м2 (примітка);0.0
691;Кількість номерів Напівлюкс, студіо, шт;0.0
692;Кількість номерів Напівлюкс, студіо, шт (примітка);0.0
693;Площа під'їздів, м2;0.0
694;Площа під'їздів, м2 (примітка);0.0
695;Кількість номерів Люкс, шт;0.0
696;Кількість номерів Люкс, шт (примітка);0.0
